song_id,song_name,album-name,song_listeners,song_url
1,JETLGGD,No Stylist,213168,https://www.last.fm/pl/music/Destroy+Lonely/No+Stylist/JETLGGD
2,BERGDORF,No Stylist,104075,https://www.last.fm/pl/music/Destroy+Lonely/No+Stylist/BERGDORF
3,<3MYGNG,No Stylist,104932,https://www.last.fm/pl/music/Destroy+Lonely/No+Stylist/%3C3MYGNG
4,VTMNTSCOAT,No Stylist,158957,https://www.last.fm/pl/music/Destroy+Lonely/No+Stylist/VTMNTSCOAT
5,NOSTYLIST,No Stylist,386692,https://www.last.fm/pl/music/Destroy+Lonely/No+Stylist/NOSTYLIST
6,FAKENGGAS,No Stylist,136070,https://www.last.fm/pl/music/Destroy+Lonely/No+Stylist/FAKENGGAS
7,SOARIN,No Stylist,86354,https://www.last.fm/pl/music/Destroy+Lonely/No+Stylist/SOARIN
8,TURNINUP,No Stylist,126961,https://www.last.fm/pl/music/Destroy+Lonely/No+Stylist/TURNINUP
9,LNLY,No Stylist,92256,https://www.last.fm/pl/music/Destroy+Lonely/No+Stylist/LNLY
10,PRSSURE,No Stylist,82113,https://www.last.fm/pl/music/Destroy+Lonely/No+Stylist/PRSSURE
11,ONTHETABLE,No Stylist,79631,https://www.last.fm/pl/music/Destroy+Lonely/No+Stylist/ONTHETABLE
12,SWGSKOOL,No Stylist,79842,https://www.last.fm/pl/music/Destroy+Lonely/No+Stylist/SWGSKOOL
13,CRYSTLCSTLES,No Stylist,92899,https://www.last.fm/pl/music/Destroy+Lonely/No+Stylist/CRYSTLCSTLES
14,DANGEROUS,No Stylist,80526,https://www.last.fm/pl/music/Destroy+Lonely/No+Stylist/DANGEROUS
15,MKEITSTOP,No Stylist,78502,https://www.last.fm/pl/music/Destroy+Lonely/No+Stylist/MKEITSTOP
16,ONTHEFLOOR,No Stylist,76004,https://www.last.fm/pl/music/Destroy+Lonely/No+Stylist/ONTHEFLOOR
17,PASSAROUND,No Stylist,69507,https://www.last.fm/pl/music/Destroy+Lonely/No+Stylist/PASSAROUND
18,otw,No Stylist,64289,https://www.last.fm/pl/music/Destroy+Lonely/No+Stylist/otw
19,VETERAN (feat. Ken Carson),No Stylist,297,https://www.last.fm/pl/music/Destroy+Lonely+%5Bfeat.+Ken+Carson%5D/No+Stylist/VETERAN+(feat.+Ken+Carson)
1,how u feel?,If Looks Could Kill (Directors Cut),207382,https://www.last.fm/pl/music/Destroy+Lonely/If+Looks+Could+Kill+(Directors+Cut)/how+u+feel%3F
2,if looks could kill,If Looks Could Kill (Directors Cut),351393,https://www.last.fm/pl/music/Destroy+Lonely/If+Looks+Could+Kill+(Directors+Cut)/if+looks+could+kill
3,fly sht,If Looks Could Kill (Directors Cut),133711,https://www.last.fm/pl/music/Destroy+Lonely/If+Looks+Could+Kill+(Directors+Cut)/fly+sht
4,which one,If Looks Could Kill (Directors Cut),99318,https://www.last.fm/pl/music/Destroy+Lonely/If+Looks+Could+Kill+(Directors+Cut)/which+one
5,raver,If Looks Could Kill (Directors Cut),101387,https://www.last.fm/pl/music/Destroy+Lonely/If+Looks+Could+Kill+(Directors+Cut)/raver
6,came in wit,If Looks Could Kill (Directors Cut),85823,https://www.last.fm/pl/music/Destroy+Lonely/If+Looks+Could+Kill+(Directors+Cut)/came+in+wit
7,by the pound,If Looks Could Kill (Directors Cut),86999,https://www.last.fm/pl/music/Destroy+Lonely/If+Looks+Could+Kill+(Directors+Cut)/by+the+pound
8,all the time,If Looks Could Kill (Directors Cut),82574,https://www.last.fm/pl/music/Destroy+Lonely/If+Looks+Could+Kill+(Directors+Cut)/all+the+time
9,biggest problem,If Looks Could Kill (Directors Cut),91515,https://www.last.fm/pl/music/Destroy+Lonely/If+Looks+Could+Kill+(Directors+Cut)/biggest+problem
10,chris paul,If Looks Could Kill (Directors Cut),80976,https://www.last.fm/pl/music/Destroy+Lonely/If+Looks+Could+Kill+(Directors+Cut)/chris+paul
11,Catch a Kill,If Looks Could Kill (Directors Cut),82213,https://www.last.fm/pl/music/Destroy+Lonely/If+Looks+Could+Kill+(Directors+Cut)/Catch+a+Kill
12,thats my,If Looks Could Kill (Directors Cut),35208,https://www.last.fm/pl/music/Destroy+Lonely/If+Looks+Could+Kill+(Directors+Cut)/thats+my
13,superstar,If Looks Could Kill (Directors Cut),77505,https://www.last.fm/pl/music/Destroy+Lonely/If+Looks+Could+Kill+(Directors+Cut)/superstar
14,new new,If Looks Could Kill (Directors Cut),86089,https://www.last.fm/pl/music/Destroy+Lonely/If+Looks+Could+Kill+(Directors+Cut)/new+new
15,right now,If Looks Could Kill (Directors Cut),71967,https://www.last.fm/pl/music/Destroy+Lonely/If+Looks+Could+Kill+(Directors+Cut)/right+now
16,which way,If Looks Could Kill (Directors Cut),66258,https://www.last.fm/pl/music/Destroy+Lonely/If+Looks+Could+Kill+(Directors+Cut)/which+way
17,wagwan,If Looks Could Kill (Directors Cut),66064,https://www.last.fm/pl/music/Destroy+Lonely/If+Looks+Could+Kill+(Directors+Cut)/wagwan
18,moment of silence,If Looks Could Kill (Directors Cut),65268,https://www.last.fm/pl/music/Destroy+Lonely/If+Looks+Could+Kill+(Directors+Cut)/moment+of+silence
19,brazy girls,If Looks Could Kill (Directors Cut),70830,https://www.last.fm/pl/music/Destroy+Lonely/If+Looks+Could+Kill+(Directors+Cut)/brazy+girls
20,goin up,If Looks Could Kill (Directors Cut),63529,https://www.last.fm/pl/music/Destroy+Lonely/If+Looks+Could+Kill+(Directors+Cut)/goin+up
21,passenger,If Looks Could Kill (Directors Cut),60984,https://www.last.fm/pl/music/Destroy+Lonely/If+Looks+Could+Kill+(Directors+Cut)/passenger
22,promo,If Looks Could Kill (Directors Cut),52293,https://www.last.fm/pl/music/Destroy+Lonely/If+Looks+Could+Kill+(Directors+Cut)/promo
23,worth it,If Looks Could Kill (Directors Cut),55050,https://www.last.fm/pl/music/Destroy+Lonely/If+Looks+Could+Kill+(Directors+Cut)/worth+it
24,redlight,If Looks Could Kill (Directors Cut),56615,https://www.last.fm/pl/music/Destroy+Lonely/If+Looks+Could+Kill+(Directors+Cut)/redlight
25,make sum work,If Looks Could Kill (Directors Cut),54909,https://www.last.fm/pl/music/Destroy+Lonely/If+Looks+Could+Kill+(Directors+Cut)/make+sum+work
26,safety - interlude,If Looks Could Kill (Directors Cut),68275,https://www.last.fm/pl/music/Destroy+Lonely/If+Looks+Could+Kill+(Directors+Cut)/safety+-+interlude
27,your eyes,If Looks Could Kill (Directors Cut),63909,https://www.last.fm/pl/music/Destroy+Lonely/If+Looks+Could+Kill+(Directors+Cut)/your+eyes
28,money & sex,If Looks Could Kill (Directors Cut),126248,https://www.last.fm/pl/music/Destroy+Lonely/If+Looks+Could+Kill+(Directors+Cut)/money+&+sex
29,too damn rich,If Looks Could Kill (Directors Cut),35993,https://www.last.fm/pl/music/Destroy+Lonely/If+Looks+Could+Kill+(Directors+Cut)/too+damn+rich
1,Bane,Bane,298408,https://www.last.fm/pl/music/Destroy+Lonely/Bane/Bane
30,spillin,If Looks Could Kill (Directors Cut),35341,https://www.last.fm/pl/music/Destroy+Lonely/If+Looks+Could+Kill+(Directors+Cut)/spillin
31,check the fleet,If Looks Could Kill (Directors Cut),29299,https://www.last.fm/pl/music/Destroy+Lonely/If+Looks+Could+Kill+(Directors+Cut)/check+the+fleet
32,back sippin,If Looks Could Kill (Directors Cut),42030,https://www.last.fm/pl/music/Destroy+Lonely/If+Looks+Could+Kill+(Directors+Cut)/back+sippin
1,Top Floor Boss,</3²,71846,https://www.last.fm/pl/music/Destroy+Lonely/%3C%2F3%C2%B2/Top+Floor+Boss
1,Pop Shit / Xtra,</3,70827,https://www.last.fm/pl/music/Destroy+Lonely/%3C%2F3/Pop+Shit+%2F+Xtra
2,Oh Yeah,</3²,101392,https://www.last.fm/pl/music/Destroy+Lonely/%3C%2F3%C2%B2/Oh+Yeah
3,Pop Shit / Xtra,</3²,70827,https://www.last.fm/pl/music/Destroy+Lonely/%3C%2F3%C2%B2/Pop+Shit+%2F+Xtra
4,Miley Cyrus,</3²,99242,https://www.last.fm/pl/music/Destroy+Lonely/%3C%2F3%C2%B2/Miley+Cyrus
5,F.U.N,</3²,145687,https://www.last.fm/pl/music/Destroy+Lonely/%3C%2F3%C2%B2/F.U.N
6,Ya Ight,</3²,63803,https://www.last.fm/pl/music/Destroy+Lonely/%3C%2F3%C2%B2/Ya+Ight
7,Dover Street Market,</3²,99205,https://www.last.fm/pl/music/Destroy+Lonely/%3C%2F3%C2%B2/Dover+Street+Market
8,Tokyo Mission Impossible [Explicit],</3²,381,https://www.last.fm/pl/music/Destroy+Lonely/%3C%2F3%C2%B2/Tokyo+Mission+Impossible+%5BExplicit%5D
9,OK BAE,</3²,56845,https://www.last.fm/pl/music/Destroy+Lonely/%3C%2F3%C2%B2/OK+BAE
10,Take a Pic (Interlude),</3²,37194,https://www.last.fm/pl/music/Destroy+Lonely/%3C%2F3%C2%B2/Take+a+Pic+(Interlude)
2,Miley Cyrus,</3,99242,https://www.last.fm/pl/music/Destroy+Lonely/%3C%2F3/Miley+Cyrus
3,F.U.N,</3,145687,https://www.last.fm/pl/music/Destroy+Lonely/%3C%2F3/F.U.N
4,Ya Ight,</3,63803,https://www.last.fm/pl/music/Destroy+Lonely/%3C%2F3/Ya+Ight
5,Tokyo Mission Impossible [Explicit],</3,381,https://www.last.fm/pl/music/Destroy+Lonely/%3C%2F3/Tokyo+Mission+Impossible+%5BExplicit%5D
6,OK BAE,</3,56845,https://www.last.fm/pl/music/Destroy+Lonely/%3C%2F3/OK+BAE
7,Take a Pic (Interlude),</3,37194,https://www.last.fm/pl/music/Destroy+Lonely/%3C%2F3/Take+a+Pic+(Interlude)
8,Movie,</3,49703,https://www.last.fm/pl/music/Destroy+Lonely/%3C%2F3/Movie
9,Komin' Back,</3,47636,https://www.last.fm/pl/music/Destroy+Lonely/%3C%2F3/Komin%27+Back
1,In The Air,In The Air,148513,https://www.last.fm/pl/music/Destroy+Lonely/In+The+Air/In+The+Air
11,Movie,</3²,49703,https://www.last.fm/pl/music/Destroy+Lonely/%3C%2F3%C2%B2/Movie
12,Groupie Btch,</3²,36924,https://www.last.fm/pl/music/Destroy+Lonely/%3C%2F3%C2%B2/Groupie+Btch
13,Do or Die,</3²,42932,https://www.last.fm/pl/music/Destroy+Lonely/%3C%2F3%C2%B2/Do+or+Die
14,Komin' Back,</3²,47636,https://www.last.fm/pl/music/Destroy+Lonely/%3C%2F3%C2%B2/Komin%27+Back
15,CDG,</3²,42142,https://www.last.fm/pl/music/Destroy+Lonely/%3C%2F3%C2%B2/CDG
16,Diamonds & Foreigns,</3²,52476,https://www.last.fm/pl/music/Destroy+Lonely/%3C%2F3%C2%B2/Diamonds+&+Foreigns
10,Diamonds & Foreigns,</3,52476,https://www.last.fm/pl/music/Destroy+Lonely/%3C%2F3/Diamonds+&+Foreigns
1,if looks could kill,if looks could kill,351393,https://www.last.fm/pl/music/Destroy+Lonely/if+looks+could+kill/if+looks+could+kill
1,JETLGGD,NS+ (ULTRA),213168,https://www.last.fm/pl/music/Destroy+Lonely/NS%252B+(ULTRA)/JETLGGD
1,Usual,"Forever, ILY.",32836,"https://www.last.fm/pl/music/Destroy+Lonely/Forever,+ILY./Usual"
2,BERGDORF,NS+ (ULTRA),104075,https://www.last.fm/pl/music/Destroy+Lonely/NS%252B+(ULTRA)/BERGDORF
3,<3MYGNG,NS+ (ULTRA),104932,https://www.last.fm/pl/music/Destroy+Lonely/NS%252B+(ULTRA)/%3C3MYGNG
4,VTMNTSCOAT,NS+ (ULTRA),158957,https://www.last.fm/pl/music/Destroy+Lonely/NS%252B+(ULTRA)/VTMNTSCOAT
5,NOSTYLIST,NS+ (ULTRA),386692,https://www.last.fm/pl/music/Destroy+Lonely/NS%252B+(ULTRA)/NOSTYLIST
6,FAKENGGAS,NS+ (ULTRA),136070,https://www.last.fm/pl/music/Destroy+Lonely/NS%252B+(ULTRA)/FAKENGGAS
7,BLITZ,NS+ (ULTRA),101192,https://www.last.fm/pl/music/Destroy+Lonely/NS%252B+(ULTRA)/BLITZ
8,SOARIN,NS+ (ULTRA),86354,https://www.last.fm/pl/music/Destroy+Lonely/NS%252B+(ULTRA)/SOARIN
9,TURNINUP,NS+ (ULTRA),126961,https://www.last.fm/pl/music/Destroy+Lonely/NS%252B+(ULTRA)/TURNINUP
10,LNLY,NS+ (ULTRA),92256,https://www.last.fm/pl/music/Destroy+Lonely/NS%252B+(ULTRA)/LNLY
1,eazy,Darkhorse,20964,https://www.last.fm/pl/music/Destroy+Lonely/Darkhorse/eazy
1,20Yrs Old,20YRS OLD,75204,https://www.last.fm/pl/music/Destroy+Lonely/20YRS+OLD/20Yrs+Old
2,Mollywrld,"Forever, ILY.",46605,"https://www.last.fm/pl/music/Destroy+Lonely/Forever,+ILY./Mollywrld"
3,Luna,"Forever, ILY.",25439,"https://www.last.fm/pl/music/Destroy+Lonely/Forever,+ILY./Luna"
4,Traphousemansion (Interlude),"Forever, ILY.",28337,"https://www.last.fm/pl/music/Destroy+Lonely/Forever,+ILY./Traphousemansion+(Interlude)"
5,Mud,"Forever, ILY.",86078,"https://www.last.fm/pl/music/Destroy+Lonely/Forever,+ILY./Mud"
6,Cutie,"Forever, ILY.",29970,"https://www.last.fm/pl/music/Destroy+Lonely/Forever,+ILY./Cutie"
11,PRSSURE,NS+ (ULTRA),82113,https://www.last.fm/pl/music/Destroy+Lonely/NS%252B+(ULTRA)/PRSSURE
12,ONTHETABLE,NS+ (ULTRA),79631,https://www.last.fm/pl/music/Destroy+Lonely/NS%252B+(ULTRA)/ONTHETABLE
13,HAVINMYWAY,NS+ (ULTRA),61403,https://www.last.fm/pl/music/Destroy+Lonely/NS%252B+(ULTRA)/HAVINMYWAY
14,ALLURE,NS+ (ULTRA),65679,https://www.last.fm/pl/music/Destroy+Lonely/NS%252B+(ULTRA)/ALLURE
15,SWGSKOOL,NS+ (ULTRA),79842,https://www.last.fm/pl/music/Destroy+Lonely/NS%252B+(ULTRA)/SWGSKOOL
16,CRYSTLCSTLES,NS+ (ULTRA),92899,https://www.last.fm/pl/music/Destroy+Lonely/NS%252B+(ULTRA)/CRYSTLCSTLES
17,DANGEROUS,NS+ (ULTRA),80526,https://www.last.fm/pl/music/Destroy+Lonely/NS%252B+(ULTRA)/DANGEROUS
18,MKEITSTOP,NS+ (ULTRA),78502,https://www.last.fm/pl/music/Destroy+Lonely/NS%252B+(ULTRA)/MKEITSTOP
2,Place,Darkhorse,21227,https://www.last.fm/pl/music/Destroy+Lonely/Darkhorse/Place
3,different drugz,Darkhorse,16233,https://www.last.fm/pl/music/Destroy+Lonely/Darkhorse/different+drugz
4,4Seasons,Darkhorse,19985,https://www.last.fm/pl/music/Destroy+Lonely/Darkhorse/4Seasons
5,"guap, glock, nd sticks",Darkhorse,16646,"https://www.last.fm/pl/music/Destroy+Lonely/Darkhorse/guap,+glock,+nd+sticks"
6,trapped on marz (feat. Nezzus),Darkhorse,779,https://www.last.fm/pl/music/Destroy+Lonely/Darkhorse/trapped+on+marz+(feat.+Nezzus)
7,vvs valentine,Darkhorse,78112,https://www.last.fm/pl/music/Destroy+Lonely/Darkhorse/vvs+valentine
8,frank lucas,Darkhorse,19877,https://www.last.fm/pl/music/Destroy+Lonely/Darkhorse/frank+lucas
19,ONTHEFLOOR,NS+ (ULTRA),76004,https://www.last.fm/pl/music/Destroy+Lonely/NS%252B+(ULTRA)/ONTHEFLOOR
20,LOUVRE,NS+ (ULTRA),65892,https://www.last.fm/pl/music/Destroy+Lonely/NS%252B+(ULTRA)/LOUVRE
21,PASSAROUND,NS+ (ULTRA),69507,https://www.last.fm/pl/music/Destroy+Lonely/NS%252B+(ULTRA)/PASSAROUND
22,otw,NS+ (ULTRA),64289,https://www.last.fm/pl/music/Destroy+Lonely/NS%252B+(ULTRA)/otw
23,VETERAN,NS+ (ULTRA),199,https://www.last.fm/pl/music/Destroy+Lonely+%5Bfeat.+Ken+Carson%5D/NS%252B+(ULTRA)/VETERAN
24,NEVEREVER,NS+ (ULTRA),233950,https://www.last.fm/pl/music/Destroy+Lonely/NS%252B+(ULTRA)/NEVEREVER
1,N(N),n(n),33525,https://www.last.fm/pl/music/Destroy+Lonely/n(n)/N(N)
1,red dead,red dead,47195,https://www.last.fm/pl/music/Destroy+Lonely/red+dead/red+dead
1,Seasons,LORD,22358,https://www.last.fm/pl/music/Destroy+Lonely/LORD/Seasons
1,Luv 4 Ya,luv 4 ya,94568,https://www.last.fm/pl/music/Destroy+Lonely/luv+4+ya/Luv+4+Ya
1,Vamp,vamp,37489,https://www.last.fm/pl/music/Destroy+Lonely/vamp/Vamp
2,Which 1 / Klueless,LORD,29432,https://www.last.fm/pl/music/Destroy+Lonely/LORD/Which+1+%2F+Klueless
3,Layover,LORD,46709,https://www.last.fm/pl/music/Destroy+Lonely/LORD/Layover
4,Devil Wears Prada,LORD,39056,https://www.last.fm/pl/music/Destroy+Lonely/LORD/Devil+Wears+Prada
1,Tied N,Tied N,36803,https://www.last.fm/pl/music/Destroy+Lonely/Tied+N/Tied+N
1,undercover,undercover,31182,https://www.last.fm/pl/music/Destroy+Lonely/undercover/undercover
1,dream about me.,dream about me.,31762,https://www.last.fm/pl/music/Destroy+Lonely/dream+about+me./dream+about+me.
1,In The Air,In the Air - Single,148513,https://www.last.fm/pl/music/Destroy+Lonely/In+the+Air+-+Single/In+The+Air
1,Bane,Bane - Single,298408,https://www.last.fm/pl/music/Destroy+Lonely/Bane+-+Single/Bane
1,if looks could kill,if looks could kill - Single,351393,https://www.last.fm/pl/music/Destroy+Lonely/if+looks+could+kill+-+Single/if+looks+could+kill
1,Online,Underworld.,2492,https://www.last.fm/pl/music/Destroy+Lonely/Underworld./Online
2,Margiela Man,Underworld.,5069,https://www.last.fm/pl/music/Destroy+Lonely/Underworld./Margiela+Man
3,Expiration Date,Underworld.,3160,https://www.last.fm/pl/music/Destroy+Lonely/Underworld./Expiration+Date
4,Real Life,Underworld.,1354,https://www.last.fm/pl/music/Destroy+Lonely/Underworld./Real+Life
5,Mochiatto,Underworld.,1956,https://www.last.fm/pl/music/Destroy+Lonely/Underworld./Mochiatto
6,Nobody,Underworld.,2240,https://www.last.fm/pl/music/Destroy+Lonely/Underworld./Nobody
7,Kool,Underworld.,2395,https://www.last.fm/pl/music/Destroy+Lonely/Underworld./Kool
8,snot nose,Underworld.,6,https://www.last.fm/pl/music/Destroy+Lonely+feat.+BigSmokeChapo/Underworld./snot+nose
1,In God We Trust,In God We Trust,3980,https://www.last.fm/pl/music/Destroy+Lonely/In+God+We+Trust/In+God+We+Trust
1,tokyoto,XO,3091,https://www.last.fm/pl/music/Destroy+Lonely/XO/tokyoto
1,Miley Cyrus,Miley Cyrus,99242,https://www.last.fm/pl/music/Destroy+Lonely/Miley+Cyrus/Miley+Cyrus
1,FUK GOIN,FUK GOIN,7569,https://www.last.fm/pl/music/Destroy+Lonely/FUK+GOIN/FUK+GOIN
1,Forever,Blak Amerika Presents: Love Lasts Forever,60121,https://www.last.fm/pl/music/Destroy+Lonely/Blak+Amerika+Presents:+Love+Lasts+Forever/Forever
2,i got em,XO,2332,https://www.last.fm/pl/music/Destroy+Lonely/XO/i+got+em
3,okay ya!,XO,2460,https://www.last.fm/pl/music/Destroy+Lonely/XO/okay+ya!
4,do the most …,XO,2436,https://www.last.fm/pl/music/Destroy+Lonely/XO/do+the+most+%E2%80%A6
5,ok / what i do,XO,2209,https://www.last.fm/pl/music/Destroy+Lonely/XO/ok+%2F+what+i+do
2,LOVE HURTS,Blak Amerika Presents: Love Lasts Forever,1677,https://www.last.fm/pl/music/Destroy+Lonely+&+Lil+Uzi+Vert/Blak+Amerika+Presents:+Love+Lasts+Forever/LOVE+HURTS
3,Luv 4 Ya,Blak Amerika Presents: Love Lasts Forever,94568,https://www.last.fm/pl/music/Destroy+Lonely/Blak+Amerika+Presents:+Love+Lasts+Forever/Luv+4+Ya
4,GET RIGHT,Blak Amerika Presents: Love Lasts Forever,14791,https://www.last.fm/pl/music/Destroy+Lonely/Blak+Amerika+Presents:+Love+Lasts+Forever/GET+RIGHT
5,Crystal Clear,Blak Amerika Presents: Love Lasts Forever,49099,https://www.last.fm/pl/music/Destroy+Lonely/Blak+Amerika+Presents:+Love+Lasts+Forever/Crystal+Clear
6,Baby Money,Blak Amerika Presents: Love Lasts Forever,47354,https://www.last.fm/pl/music/Destroy+Lonely/Blak+Amerika+Presents:+Love+Lasts+Forever/Baby+Money
7,SAY THAT,Blak Amerika Presents: Love Lasts Forever,47029,https://www.last.fm/pl/music/Destroy+Lonely/Blak+Amerika+Presents:+Love+Lasts+Forever/SAY+THAT
8,PIMP TALK,Blak Amerika Presents: Love Lasts Forever,46054,https://www.last.fm/pl/music/Destroy+Lonely/Blak+Amerika+Presents:+Love+Lasts+Forever/PIMP+TALK
9,CADILLAC,Blak Amerika Presents: Love Lasts Forever,58548,https://www.last.fm/pl/music/Destroy+Lonely/Blak+Amerika+Presents:+Love+Lasts+Forever/CADILLAC
10,SYRUP SIPPIN,Blak Amerika Presents: Love Lasts Forever,58295,https://www.last.fm/pl/music/Destroy+Lonely/Blak+Amerika+Presents:+Love+Lasts+Forever/SYRUP+SIPPIN
11,LOCK IN,Blak Amerika Presents: Love Lasts Forever,44557,https://www.last.fm/pl/music/Destroy+Lonely/Blak+Amerika+Presents:+Love+Lasts+Forever/LOCK+IN
12,DOUBT IT,Blak Amerika Presents: Love Lasts Forever,48955,https://www.last.fm/pl/music/Destroy+Lonely/Blak+Amerika+Presents:+Love+Lasts+Forever/DOUBT+IT
13,WISH YOU WELL,Blak Amerika Presents: Love Lasts Forever,37625,https://www.last.fm/pl/music/Destroy+Lonely/Blak+Amerika+Presents:+Love+Lasts+Forever/WISH+YOU+WELL
14,SHIP HER OFF,Blak Amerika Presents: Love Lasts Forever,38660,https://www.last.fm/pl/music/Destroy+Lonely/Blak+Amerika+Presents:+Love+Lasts+Forever/SHIP+HER+OFF
15,Honestly,Blak Amerika Presents: Love Lasts Forever,35342,https://www.last.fm/pl/music/Destroy+Lonely/Blak+Amerika+Presents:+Love+Lasts+Forever/Honestly
16,TAKE A TRIP,Blak Amerika Presents: Love Lasts Forever,32819,https://www.last.fm/pl/music/Destroy+Lonely/Blak+Amerika+Presents:+Love+Lasts+Forever/TAKE+A+TRIP
17,EXTRA HIGH,Blak Amerika Presents: Love Lasts Forever,31751,https://www.last.fm/pl/music/Destroy+Lonely/Blak+Amerika+Presents:+Love+Lasts+Forever/EXTRA+HIGH
18,THRILL,Blak Amerika Presents: Love Lasts Forever,1689,https://www.last.fm/pl/music/Destroy+Lonely+&+Ken+Carson/Blak+Amerika+Presents:+Love+Lasts+Forever/THRILL
1,Bag Full of Boof,Bag Full of Boof,18895,https://www.last.fm/pl/music/Destroyed+Lonely/Bag+Full+of+Boof/Bag+Full+of+Boof
1,Count It Up,Count It Up,15477,https://www.last.fm/pl/music/Destroyed+Lonely/Count+It+Up/Count+It+Up
1,FenderBender,FenderBender,10282,https://www.last.fm/pl/music/Destroy+Lonely/FenderBender/FenderBender
1,4Seasons,4seasons,19985,https://www.last.fm/pl/music/Destroy+Lonely/4seasons/4Seasons
1,Plea,Plea,11896,https://www.last.fm/pl/music/Destroy+Lonely/Plea/Plea
19,AMERIKA,Blak Amerika Presents: Love Lasts Forever,29376,https://www.last.fm/pl/music/Destroy+Lonely/Blak+Amerika+Presents:+Love+Lasts+Forever/AMERIKA
20,ABOUT MONEY (BONUS),Blak Amerika Presents: Love Lasts Forever,1444,https://www.last.fm/pl/music/Destroy+Lonely/Blak+Amerika+Presents:+Love+Lasts+Forever/ABOUT+MONEY+(BONUS)
21,NO WORRIES (BONUS),Blak Amerika Presents: Love Lasts Forever,1322,https://www.last.fm/pl/music/Destroy+Lonely/Blak+Amerika+Presents:+Love+Lasts+Forever/NO+WORRIES+(BONUS)
22,PASS ME THE KEYS (BONUS),Blak Amerika Presents: Love Lasts Forever,1101,https://www.last.fm/pl/music/Destroy+Lonely/Blak+Amerika+Presents:+Love+Lasts+Forever/PASS+ME+THE+KEYS+(BONUS)
23,PRETTIEST ONE,Blak Amerika Presents: Love Lasts Forever,25852,https://www.last.fm/pl/music/Destroy+Lonely/Blak+Amerika+Presents:+Love+Lasts+Forever/PRETTIEST+ONE
1,Out The Way,Out The Way,13038,https://www.last.fm/pl/music/Destroy+Lonely/Out+The+Way/Out+The+Way
1,$$$,$$$,12419,https://www.last.fm/pl/music/Destroy+Lonely/$$$/$$$
1,Forever,BLAKAMERIKA PRESENTS: LOVE LASTS FOREVER,60121,https://www.last.fm/pl/music/Destroy+Lonely/BLAKAMERIKA+PRESENTS:+LOVE+LASTS+FOREVER/Forever
2,Love Hurts,BLAKAMERIKA PRESENTS: LOVE LASTS FOREVER,1,https://www.last.fm/pl/music/Destroy+Lonely&Lil+Uzi+Vert/BLAKAMERIKA+PRESENTS:+LOVE+LASTS+FOREVER/Love+Hurts
3,Luv 4 Ya,BLAKAMERIKA PRESENTS: LOVE LASTS FOREVER,94568,https://www.last.fm/pl/music/Destroy+Lonely/BLAKAMERIKA+PRESENTS:+LOVE+LASTS+FOREVER/Luv+4+Ya
4,GET RIGHT,BLAKAMERIKA PRESENTS: LOVE LASTS FOREVER,14791,https://www.last.fm/pl/music/Destroy+Lonely/BLAKAMERIKA+PRESENTS:+LOVE+LASTS+FOREVER/GET+RIGHT
5,Crystal Clear,BLAKAMERIKA PRESENTS: LOVE LASTS FOREVER,49099,https://www.last.fm/pl/music/Destroy+Lonely/BLAKAMERIKA+PRESENTS:+LOVE+LASTS+FOREVER/Crystal+Clear
6,Baby Money,BLAKAMERIKA PRESENTS: LOVE LASTS FOREVER,47354,https://www.last.fm/pl/music/Destroy+Lonely/BLAKAMERIKA+PRESENTS:+LOVE+LASTS+FOREVER/Baby+Money
7,SAY THAT,BLAKAMERIKA PRESENTS: LOVE LASTS FOREVER,47029,https://www.last.fm/pl/music/Destroy+Lonely/BLAKAMERIKA+PRESENTS:+LOVE+LASTS+FOREVER/SAY+THAT
8,PIMP TALK,BLAKAMERIKA PRESENTS: LOVE LASTS FOREVER,46054,https://www.last.fm/pl/music/Destroy+Lonely/BLAKAMERIKA+PRESENTS:+LOVE+LASTS+FOREVER/PIMP+TALK
9,CADILLAC,BLAKAMERIKA PRESENTS: LOVE LASTS FOREVER,58548,https://www.last.fm/pl/music/Destroy+Lonely/BLAKAMERIKA+PRESENTS:+LOVE+LASTS+FOREVER/CADILLAC
10,SYRUP SIPPIN,BLAKAMERIKA PRESENTS: LOVE LASTS FOREVER,58295,https://www.last.fm/pl/music/Destroy+Lonely/BLAKAMERIKA+PRESENTS:+LOVE+LASTS+FOREVER/SYRUP+SIPPIN
11,LOCK IN,BLAKAMERIKA PRESENTS: LOVE LASTS FOREVER,44557,https://www.last.fm/pl/music/Destroy+Lonely/BLAKAMERIKA+PRESENTS:+LOVE+LASTS+FOREVER/LOCK+IN
12,DOUBT IT,BLAKAMERIKA PRESENTS: LOVE LASTS FOREVER,48955,https://www.last.fm/pl/music/Destroy+Lonely/BLAKAMERIKA+PRESENTS:+LOVE+LASTS+FOREVER/DOUBT+IT
13,WISH YOU WELL,BLAKAMERIKA PRESENTS: LOVE LASTS FOREVER,37625,https://www.last.fm/pl/music/Destroy+Lonely/BLAKAMERIKA+PRESENTS:+LOVE+LASTS+FOREVER/WISH+YOU+WELL
14,SHIP HER OFF,BLAKAMERIKA PRESENTS: LOVE LASTS FOREVER,38660,https://www.last.fm/pl/music/Destroy+Lonely/BLAKAMERIKA+PRESENTS:+LOVE+LASTS+FOREVER/SHIP+HER+OFF
15,Honestly,BLAKAMERIKA PRESENTS: LOVE LASTS FOREVER,35342,https://www.last.fm/pl/music/Destroy+Lonely/BLAKAMERIKA+PRESENTS:+LOVE+LASTS+FOREVER/Honestly
16,TAKE A TRIP,BLAKAMERIKA PRESENTS: LOVE LASTS FOREVER,32819,https://www.last.fm/pl/music/Destroy+Lonely/BLAKAMERIKA+PRESENTS:+LOVE+LASTS+FOREVER/TAKE+A+TRIP
17,EXTRA HIGH,BLAKAMERIKA PRESENTS: LOVE LASTS FOREVER,31751,https://www.last.fm/pl/music/Destroy+Lonely/BLAKAMERIKA+PRESENTS:+LOVE+LASTS+FOREVER/EXTRA+HIGH
18,Thrill,BLAKAMERIKA PRESENTS: LOVE LASTS FOREVER,1,https://www.last.fm/pl/music/Destroy+Lonely&Ken+Carson+(3)/BLAKAMERIKA+PRESENTS:+LOVE+LASTS+FOREVER/Thrill
19,AMERIKA,BLAKAMERIKA PRESENTS: LOVE LASTS FOREVER,29376,https://www.last.fm/pl/music/Destroy+Lonely/BLAKAMERIKA+PRESENTS:+LOVE+LASTS+FOREVER/AMERIKA
1,Intro,NezzusDestroyed,10833,https://www.last.fm/pl/music/Destroy+Lonely/NezzusDestroyed/Intro
1,please dnt touch dis sh*t,please dnt touch dis sh*t,27207,https://www.last.fm/pl/music/Destroy+Lonely/please+dnt+touch+dis+sh*t/please+dnt+touch+dis+sh*t
20,ABOUT MONEY,BLAKAMERIKA PRESENTS: LOVE LASTS FOREVER,373,https://www.last.fm/pl/music/Destroy+Lonely/BLAKAMERIKA+PRESENTS:+LOVE+LASTS+FOREVER/ABOUT+MONEY
21,NO WORRIES,BLAKAMERIKA PRESENTS: LOVE LASTS FOREVER,343,https://www.last.fm/pl/music/Destroy+Lonely/BLAKAMERIKA+PRESENTS:+LOVE+LASTS+FOREVER/NO+WORRIES
22,Pass Me The Keys,BLAKAMERIKA PRESENTS: LOVE LASTS FOREVER,328,https://www.last.fm/pl/music/Destroy+Lonely/BLAKAMERIKA+PRESENTS:+LOVE+LASTS+FOREVER/Pass+Me+The+Keys
23,PRETTIEST ONE,BLAKAMERIKA PRESENTS: LOVE LASTS FOREVER,25852,https://www.last.fm/pl/music/Destroy+Lonely/BLAKAMERIKA+PRESENTS:+LOVE+LASTS+FOREVER/PRETTIEST+ONE
2,Global,NezzusDestroyed,29,https://www.last.fm/pl/music/Nezzus/NezzusDestroyed/Global
3,Smash Bro's,NezzusDestroyed,13401,https://www.last.fm/pl/music/Destroy+Lonely/NezzusDestroyed/Smash+Bro%27s
4,No Hook,NezzusDestroyed,29,https://www.last.fm/pl/music/Nezzus/NezzusDestroyed/No+Hook
5,Addy,NezzusDestroyed,29,https://www.last.fm/pl/music/Nezzus/NezzusDestroyed/Addy
6,Add It Up,NezzusDestroyed,9690,https://www.last.fm/pl/music/Destroy+Lonely/NezzusDestroyed/Add+It+Up
7,Wild,NezzusDestroyed,8798,https://www.last.fm/pl/music/Destroy+Lonely/NezzusDestroyed/Wild
1,Euros,Euros,30320,https://www.last.fm/pl/music/Destroy+Lonely/Euros/Euros
1,Usual,"Forever, ILY. - EP",32836,"https://www.last.fm/pl/music/Destroy+Lonely/Forever,+ILY.+-+EP/Usual"
2,Mollywrld,"Forever, ILY. - EP",46605,"https://www.last.fm/pl/music/Destroy+Lonely/Forever,+ILY.+-+EP/Mollywrld"
3,Luna,"Forever, ILY. - EP",25439,"https://www.last.fm/pl/music/Destroy+Lonely/Forever,+ILY.+-+EP/Luna"
4,Traphousemansion (Interlude),"Forever, ILY. - EP",28337,"https://www.last.fm/pl/music/Destroy+Lonely/Forever,+ILY.+-+EP/Traphousemansion+(Interlude)"
5,Mud,"Forever, ILY. - EP",86078,"https://www.last.fm/pl/music/Destroy+Lonely/Forever,+ILY.+-+EP/Mud"
6,Cutie,"Forever, ILY. - EP",29970,"https://www.last.fm/pl/music/Destroy+Lonely/Forever,+ILY.+-+EP/Cutie"
1,Kick It,Kick It,1911,https://www.last.fm/pl/music/Destroy+Lonely/Kick+It/Kick+It
1,Forever,LOVE LASTS FOREVER V2,60121,https://www.last.fm/pl/music/Destroy+Lonely/LOVE+LASTS+FOREVER+V2/Forever
1,Tied N,Tied N - Single,36803,https://www.last.fm/pl/music/Destroy+Lonely/Tied+N+-+Single/Tied+N
2,Love Hurts,LOVE LASTS FOREVER V2,20539,https://www.last.fm/pl/music/Destroy+Lonely/LOVE+LASTS+FOREVER+V2/Love+Hurts
3,LUV4YA,LOVE LASTS FOREVER V2,73,https://www.last.fm/pl/music/Destroy+Lonely/LOVE+LASTS+FOREVER+V2/LUV4YA
4,Crystal Clear,LOVE LASTS FOREVER V2,49099,https://www.last.fm/pl/music/Destroy+Lonely/LOVE+LASTS+FOREVER+V2/Crystal+Clear
5,Baby Money,LOVE LASTS FOREVER V2,47354,https://www.last.fm/pl/music/Destroy+Lonely/LOVE+LASTS+FOREVER+V2/Baby+Money
6,SAY THAT,LOVE LASTS FOREVER V2,47029,https://www.last.fm/pl/music/Destroy+Lonely/LOVE+LASTS+FOREVER+V2/SAY+THAT
7,PIMP TALK,LOVE LASTS FOREVER V2,46054,https://www.last.fm/pl/music/Destroy+Lonely/LOVE+LASTS+FOREVER+V2/PIMP+TALK
8,CADILLAC,LOVE LASTS FOREVER V2,58548,https://www.last.fm/pl/music/Destroy+Lonely/LOVE+LASTS+FOREVER+V2/CADILLAC
9,SYRUP SIPPIN,LOVE LASTS FOREVER V2,58295,https://www.last.fm/pl/music/Destroy+Lonely/LOVE+LASTS+FOREVER+V2/SYRUP+SIPPIN
10,LOCK IN,LOVE LASTS FOREVER V2,44557,https://www.last.fm/pl/music/Destroy+Lonely/LOVE+LASTS+FOREVER+V2/LOCK+IN
11,DOUBT IT,LOVE LASTS FOREVER V2,48955,https://www.last.fm/pl/music/Destroy+Lonely/LOVE+LASTS+FOREVER+V2/DOUBT+IT
12,WISH YOU WELL,LOVE LASTS FOREVER V2,37625,https://www.last.fm/pl/music/Destroy+Lonely/LOVE+LASTS+FOREVER+V2/WISH+YOU+WELL
13,SHIP HER OFF,LOVE LASTS FOREVER V2,38660,https://www.last.fm/pl/music/Destroy+Lonely/LOVE+LASTS+FOREVER+V2/SHIP+HER+OFF
14,Honestly,LOVE LASTS FOREVER V2,35342,https://www.last.fm/pl/music/Destroy+Lonely/LOVE+LASTS+FOREVER+V2/Honestly
15,TAKE A TRIP,LOVE LASTS FOREVER V2,32819,https://www.last.fm/pl/music/Destroy+Lonely/LOVE+LASTS+FOREVER+V2/TAKE+A+TRIP
16,EXTRA HIGH,LOVE LASTS FOREVER V2,31751,https://www.last.fm/pl/music/Destroy+Lonely/LOVE+LASTS+FOREVER+V2/EXTRA+HIGH
1,how u feel?,If Looks Could Kill [Clean] [Clean],207382,https://www.last.fm/pl/music/Destroy+Lonely/If+Looks+Could+Kill+%5BClean%5D+%5BClean%5D/how+u+feel%3F
1,20Yrs Old,20Yrs Old - Single,75204,https://www.last.fm/pl/music/Destroy+Lonely/20Yrs+Old+-+Single/20Yrs+Old
1,Seasons,Lord - EP,22358,https://www.last.fm/pl/music/Destroy+Lonely/Lord+-+EP/Seasons
17,AMERIKA,LOVE LASTS FOREVER V2,29376,https://www.last.fm/pl/music/Destroy+Lonely/LOVE+LASTS+FOREVER+V2/AMERIKA
18,Thrill,LOVE LASTS FOREVER V2,498,https://www.last.fm/pl/music/Destroy+Lonely/LOVE+LASTS+FOREVER+V2/Thrill
19,ABOUT MONEY,LOVE LASTS FOREVER V2,373,https://www.last.fm/pl/music/Destroy+Lonely/LOVE+LASTS+FOREVER+V2/ABOUT+MONEY
20,NO WORRIES,LOVE LASTS FOREVER V2,343,https://www.last.fm/pl/music/Destroy+Lonely/LOVE+LASTS+FOREVER+V2/NO+WORRIES
21,Pass Me The Keys,LOVE LASTS FOREVER V2,328,https://www.last.fm/pl/music/Destroy+Lonely/LOVE+LASTS+FOREVER+V2/Pass+Me+The+Keys
22,THE BOUNCE,LOVE LASTS FOREVER V2,16594,https://www.last.fm/pl/music/Destroy+Lonely/LOVE+LASTS+FOREVER+V2/THE+BOUNCE
23,MAKE A SOUND,LOVE LASTS FOREVER V2,15276,https://www.last.fm/pl/music/Destroy+Lonely/LOVE+LASTS+FOREVER+V2/MAKE+A+SOUND
2,if looks could kill,If Looks Could Kill [Clean] [Clean],351393,https://www.last.fm/pl/music/Destroy+Lonely/If+Looks+Could+Kill+%5BClean%5D+%5BClean%5D/if+looks+could+kill
3,fly sht,If Looks Could Kill [Clean] [Clean],133711,https://www.last.fm/pl/music/Destroy+Lonely/If+Looks+Could+Kill+%5BClean%5D+%5BClean%5D/fly+sht
4,which one,If Looks Could Kill [Clean] [Clean],99318,https://www.last.fm/pl/music/Destroy+Lonely/If+Looks+Could+Kill+%5BClean%5D+%5BClean%5D/which+one
5,raver,If Looks Could Kill [Clean] [Clean],101387,https://www.last.fm/pl/music/Destroy+Lonely/If+Looks+Could+Kill+%5BClean%5D+%5BClean%5D/raver
6,came in wit,If Looks Could Kill [Clean] [Clean],85823,https://www.last.fm/pl/music/Destroy+Lonely/If+Looks+Could+Kill+%5BClean%5D+%5BClean%5D/came+in+wit
7,by the pound,If Looks Could Kill [Clean] [Clean],86999,https://www.last.fm/pl/music/Destroy+Lonely/If+Looks+Could+Kill+%5BClean%5D+%5BClean%5D/by+the+pound
2,Which 1 / Klueless,Lord - EP,29432,https://www.last.fm/pl/music/Destroy+Lonely/Lord+-+EP/Which+1+%2F+Klueless
3,Layover,Lord - EP,46709,https://www.last.fm/pl/music/Destroy+Lonely/Lord+-+EP/Layover
4,Devil Wears Prada,Lord - EP,39056,https://www.last.fm/pl/music/Destroy+Lonely/Lord+-+EP/Devil+Wears+Prada
1,dream about me.,Dream About Me. - Single,31762,https://www.last.fm/pl/music/Destroy+Lonely/Dream+About+Me.+-+Single/dream+about+me.
24,SEE YOU TOMORROW,LOVE LASTS FOREVER V2,14152,https://www.last.fm/pl/music/Destroy+Lonely/LOVE+LASTS+FOREVER+V2/SEE+YOU+TOMORROW
25,MEET THE BOSS,LOVE LASTS FOREVER V2,21314,https://www.last.fm/pl/music/Destroy+Lonely/LOVE+LASTS+FOREVER+V2/MEET+THE+BOSS
26,BLING,LOVE LASTS FOREVER V2,13599,https://www.last.fm/pl/music/Destroy+Lonely/LOVE+LASTS+FOREVER+V2/BLING
8,all the time,If Looks Could Kill [Clean] [Clean],82574,https://www.last.fm/pl/music/Destroy+Lonely/If+Looks+Could+Kill+%5BClean%5D+%5BClean%5D/all+the+time
9,biggest problem,If Looks Could Kill [Clean] [Clean],91515,https://www.last.fm/pl/music/Destroy+Lonely/If+Looks+Could+Kill+%5BClean%5D+%5BClean%5D/biggest+problem
10,chris paul,If Looks Could Kill [Clean] [Clean],80976,https://www.last.fm/pl/music/Destroy+Lonely/If+Looks+Could+Kill+%5BClean%5D+%5BClean%5D/chris+paul
11,superstar,If Looks Could Kill [Clean] [Clean],77505,https://www.last.fm/pl/music/Destroy+Lonely/If+Looks+Could+Kill+%5BClean%5D+%5BClean%5D/superstar
12,new new,If Looks Could Kill [Clean] [Clean],86089,https://www.last.fm/pl/music/Destroy+Lonely/If+Looks+Could+Kill+%5BClean%5D+%5BClean%5D/new+new
13,right now,If Looks Could Kill [Clean] [Clean],71967,https://www.last.fm/pl/music/Destroy+Lonely/If+Looks+Could+Kill+%5BClean%5D+%5BClean%5D/right+now
14,which way,If Looks Could Kill [Clean] [Clean],66258,https://www.last.fm/pl/music/Destroy+Lonely/If+Looks+Could+Kill+%5BClean%5D+%5BClean%5D/which+way
15,wagwan,If Looks Could Kill [Clean] [Clean],66064,https://www.last.fm/pl/music/Destroy+Lonely/If+Looks+Could+Kill+%5BClean%5D+%5BClean%5D/wagwan
16,moment of silence,If Looks Could Kill [Clean] [Clean],65268,https://www.last.fm/pl/music/Destroy+Lonely/If+Looks+Could+Kill+%5BClean%5D+%5BClean%5D/moment+of+silence
17,brazy girls,If Looks Could Kill [Clean] [Clean],70830,https://www.last.fm/pl/music/Destroy+Lonely/If+Looks+Could+Kill+%5BClean%5D+%5BClean%5D/brazy+girls
18,goin up,If Looks Could Kill [Clean] [Clean],63529,https://www.last.fm/pl/music/Destroy+Lonely/If+Looks+Could+Kill+%5BClean%5D+%5BClean%5D/goin+up
19,passenger,If Looks Could Kill [Clean] [Clean],60984,https://www.last.fm/pl/music/Destroy+Lonely/If+Looks+Could+Kill+%5BClean%5D+%5BClean%5D/passenger
20,promo,If Looks Could Kill [Clean] [Clean],52293,https://www.last.fm/pl/music/Destroy+Lonely/If+Looks+Could+Kill+%5BClean%5D+%5BClean%5D/promo
21,worth it,If Looks Could Kill [Clean] [Clean],55050,https://www.last.fm/pl/music/Destroy+Lonely/If+Looks+Could+Kill+%5BClean%5D+%5BClean%5D/worth+it
1,Molly Mileage,Sometimes U Lose..,97,https://www.last.fm/pl/music/Destroy+Lonely/Sometimes+U+Lose../Molly+Mileage
22,redlight,If Looks Could Kill [Clean] [Clean],56615,https://www.last.fm/pl/music/Destroy+Lonely/If+Looks+Could+Kill+%5BClean%5D+%5BClean%5D/redlight
23,make sum work,If Looks Could Kill [Clean] [Clean],54909,https://www.last.fm/pl/music/Destroy+Lonely/If+Looks+Could+Kill+%5BClean%5D+%5BClean%5D/make+sum+work
24,safety (interlude),If Looks Could Kill [Clean] [Clean],4200,https://www.last.fm/pl/music/Destroy+Lonely/If+Looks+Could+Kill+%5BClean%5D+%5BClean%5D/safety+(interlude)
25,your eyes,If Looks Could Kill [Clean] [Clean],63909,https://www.last.fm/pl/music/Destroy+Lonely/If+Looks+Could+Kill+%5BClean%5D+%5BClean%5D/your+eyes
26,money & sex (bonus),If Looks Could Kill [Clean] [Clean],4169,https://www.last.fm/pl/music/Destroy+Lonely+&+Ken+Carson/If+Looks+Could+Kill+%5BClean%5D+%5BClean%5D/money+&+sex+(bonus)
2,alone,Sometimes U Lose..,1367,https://www.last.fm/pl/music/Destroy+Lonely/Sometimes+U+Lose../alone
3,ya dig freestyle,Sometimes U Lose..,617,https://www.last.fm/pl/music/Destroy+Lonely/Sometimes+U+Lose../ya+dig+freestyle
4,M.I.S,Sometimes U Lose..,901,https://www.last.fm/pl/music/Destroy+Lonely/Sometimes+U+Lose../M.I.S
1,Luv 4 Ya,Luv 4 Ya - single,94568,https://www.last.fm/pl/music/Destroy+Lonely/Luv+4+Ya+-+single/Luv+4+Ya
1,Euros,Euros - Single,30320,https://www.last.fm/pl/music/Destroy+Lonely/Euros+-+Single/Euros
1,red dead,Red Dead - Single,47195,https://www.last.fm/pl/music/Destroy+Lonely/Red+Dead+-+Single/red+dead
1,N(N),N(N) - Single,33525,https://www.last.fm/pl/music/Destroy+Lonely/N(N)+-+Single/N(N)
1,the city,the city,2875,https://www.last.fm/pl/music/Destroy+Lonely/the+city/the+city
1,Vamp,Vamp - Single,37489,https://www.last.fm/pl/music/Destroy+Lonely/Vamp+-+Single/Vamp
1,undercover,Undercover - Single,31182,https://www.last.fm/pl/music/Destroy+Lonely/Undercover+-+Single/undercover
1,In God We Trust,In God We Trust - Single,3980,https://www.last.fm/pl/music/Destroy+Lonely/In+God+We+Trust+-+Single/In+God+We+Trust
1,Top Floor Boss,‎</3²,71846,https://www.last.fm/pl/music/Destroy+Lonely/%E2%80%8E%3C%2F3%C2%B2/Top+Floor+Boss
1,please dnt touch dis sh*t,Please Dnt Touch Dis Sh*T - Single,27207,https://www.last.fm/pl/music/Destroy+Lonely/Please+Dnt+Touch+Dis+Sh*T+-+Single/please+dnt+touch+dis+sh*t
2,Oh Yeah,‎</3²,101392,https://www.last.fm/pl/music/Destroy+Lonely/%E2%80%8E%3C%2F3%C2%B2/Oh+Yeah
3,Pop Shit / Xtra,‎</3²,70827,https://www.last.fm/pl/music/Destroy+Lonely/%E2%80%8E%3C%2F3%C2%B2/Pop+Shit+%2F+Xtra
4,Miley Cyrus,‎</3²,99242,https://www.last.fm/pl/music/Destroy+Lonely/%E2%80%8E%3C%2F3%C2%B2/Miley+Cyrus
5,F.U.N,‎</3²,145687,https://www.last.fm/pl/music/Destroy+Lonely/%E2%80%8E%3C%2F3%C2%B2/F.U.N
6,Ya Ight,‎</3²,63803,https://www.last.fm/pl/music/Destroy+Lonely/%E2%80%8E%3C%2F3%C2%B2/Ya+Ight
7,Dover Street Market,‎</3²,99205,https://www.last.fm/pl/music/Destroy+Lonely/%E2%80%8E%3C%2F3%C2%B2/Dover+Street+Market
8,Tokyo Mission Impossible,‎</3²,60200,https://www.last.fm/pl/music/Destroy+Lonely/%E2%80%8E%3C%2F3%C2%B2/Tokyo+Mission+Impossible
9,OK BAE,‎</3²,56845,https://www.last.fm/pl/music/Destroy+Lonely/%E2%80%8E%3C%2F3%C2%B2/OK+BAE
10,Take a Pic (Interlude),‎</3²,37194,https://www.last.fm/pl/music/Destroy+Lonely/%E2%80%8E%3C%2F3%C2%B2/Take+a+Pic+(Interlude)
11,Movie,‎</3²,49703,https://www.last.fm/pl/music/Destroy+Lonely/%E2%80%8E%3C%2F3%C2%B2/Movie
12,Groupie Btch,‎</3²,36924,https://www.last.fm/pl/music/Destroy+Lonely/%E2%80%8E%3C%2F3%C2%B2/Groupie+Btch
13,Do or Die,‎</3²,42932,https://www.last.fm/pl/music/Destroy+Lonely/%E2%80%8E%3C%2F3%C2%B2/Do+or+Die
14,Komin' Back,‎</3²,47636,https://www.last.fm/pl/music/Destroy+Lonely/%E2%80%8E%3C%2F3%C2%B2/Komin%27+Back
15,CDG,‎</3²,42142,https://www.last.fm/pl/music/Destroy+Lonely/%E2%80%8E%3C%2F3%C2%B2/CDG
1,Miley Cyrus,Miley Cyrus - Single,99242,https://www.last.fm/pl/music/Destroy+Lonely/Miley+Cyrus+-+Single/Miley+Cyrus
16,Diamonds & Foreigns,‎</3²,52476,https://www.last.fm/pl/music/Destroy+Lonely/%E2%80%8E%3C%2F3%C2%B2/Diamonds+&+Foreigns
1,Cult,Cult,1549,https://www.last.fm/pl/music/Destroy+Lonely/Cult/Cult
1,FUK GOIN,Fuk Goin - Single,7569,https://www.last.fm/pl/music/Destroy+Lonely/Fuk+Goin+-+Single/FUK+GOIN
1,$$$,$$$ - Single,12419,https://www.last.fm/pl/music/Destroy+Lonely/$$$+-+Single/$$$
1,if looks could kill,if looks could kill [Clean],351393,https://www.last.fm/pl/music/Destroy+Lonely/if+looks+could+kill+%5BClean%5D/if+looks+could+kill
1,PRESIDENT (feat. Ken Carson),President (feat. Ken Carson) - Single,1469,https://www.last.fm/pl/music/Southside+&+Destroy+Lonely/President+(feat.+Ken+Carson)+-+Single/PRESIDENT+(feat.+Ken+Carson)
1,Top Floor Boss [Explicit],</3² [Explicit],6,https://www.last.fm/pl/music/Destroy+Lonely/%3C%2F3%C2%B2+%5BExplicit%5D/Top+Floor+Boss+%5BExplicit%5D
1,Bane [Explicit],Bane [Explicit],24,https://www.last.fm/pl/music/Destroy+Lonely/Bane+%5BExplicit%5D/Bane+%5BExplicit%5D
1,how u feel? [Explicit],If Looks Could Kill (Directors Cut) [Explicit],24,https://www.last.fm/pl/music/Destroy+Lonely/If+Looks+Could+Kill+(Directors+Cut)+%5BExplicit%5D/how+u+feel%3F+%5BExplicit%5D
1,please dnt touch dis sh*t,please dnt touch dis sh*t [Explicit],27207,https://www.last.fm/pl/music/Destroy+Lonely/please+dnt+touch+dis+sh*t+%5BExplicit%5D/please+dnt+touch+dis+sh*t
1,FOREVER [Explicit],LOVE LASTS FOREVER [Explicit],3,https://www.last.fm/pl/music/Destroy+Lonely/LOVE+LASTS+FOREVER+%5BExplicit%5D/FOREVER+%5BExplicit%5D
2,Oh Yeah [Explicit],</3² [Explicit],2,https://www.last.fm/pl/music/Destroy+Lonely/%3C%2F3%C2%B2+%5BExplicit%5D/Oh+Yeah+%5BExplicit%5D
3,Pop Shit / Xtra [Explicit],</3² [Explicit],7,https://www.last.fm/pl/music/Destroy+Lonely/%3C%2F3%C2%B2+%5BExplicit%5D/Pop+Shit+%2F+Xtra+%5BExplicit%5D
4,Miley Cyrus [Explicit],</3² [Explicit],10,https://www.last.fm/pl/music/Destroy+Lonely/%3C%2F3%C2%B2+%5BExplicit%5D/Miley+Cyrus+%5BExplicit%5D
5,F.U.N [Explicit],</3² [Explicit],10,https://www.last.fm/pl/music/Destroy+Lonely/%3C%2F3%C2%B2+%5BExplicit%5D/F.U.N+%5BExplicit%5D
6,Ya Ight [Explicit],</3² [Explicit],4,https://www.last.fm/pl/music/Destroy+Lonely/%3C%2F3%C2%B2+%5BExplicit%5D/Ya+Ight+%5BExplicit%5D
7,Dover Street Market [Explicit],</3² [Explicit],8,https://www.last.fm/pl/music/Destroy+Lonely/%3C%2F3%C2%B2+%5BExplicit%5D/Dover+Street+Market+%5BExplicit%5D
8,Tokyo Mission Impossible [Explicit],</3² [Explicit],381,https://www.last.fm/pl/music/Destroy+Lonely/%3C%2F3%C2%B2+%5BExplicit%5D/Tokyo+Mission+Impossible+%5BExplicit%5D
2,if looks could kill [Explicit],If Looks Could Kill (Directors Cut) [Explicit],41,https://www.last.fm/pl/music/Destroy+Lonely/If+Looks+Could+Kill+(Directors+Cut)+%5BExplicit%5D/if+looks+could+kill+%5BExplicit%5D
3,fly sht [Explicit],If Looks Could Kill (Directors Cut) [Explicit],16,https://www.last.fm/pl/music/Destroy+Lonely/If+Looks+Could+Kill+(Directors+Cut)+%5BExplicit%5D/fly+sht+%5BExplicit%5D
4,which one [Explicit],If Looks Could Kill (Directors Cut) [Explicit],9,https://www.last.fm/pl/music/Destroy+Lonely/If+Looks+Could+Kill+(Directors+Cut)+%5BExplicit%5D/which+one+%5BExplicit%5D
5,raver [Explicit],If Looks Could Kill (Directors Cut) [Explicit],11,https://www.last.fm/pl/music/Destroy+Lonely/If+Looks+Could+Kill+(Directors+Cut)+%5BExplicit%5D/raver+%5BExplicit%5D
6,came in wit [Explicit],If Looks Could Kill (Directors Cut) [Explicit],5,https://www.last.fm/pl/music/Destroy+Lonely/If+Looks+Could+Kill+(Directors+Cut)+%5BExplicit%5D/came+in+wit+%5BExplicit%5D
7,by the pound [Explicit],If Looks Could Kill (Directors Cut) [Explicit],8,https://www.last.fm/pl/music/Destroy+Lonely/If+Looks+Could+Kill+(Directors+Cut)+%5BExplicit%5D/by+the+pound+%5BExplicit%5D
2,LOVE HURTS [Explicit],LOVE LASTS FOREVER [Explicit],7,https://www.last.fm/pl/music/Destroy+Lonely+&+Lil+Uzi+Vert/LOVE+LASTS+FOREVER+%5BExplicit%5D/LOVE+HURTS+%5BExplicit%5D
3,LUV 4 YA [Explicit],LOVE LASTS FOREVER [Explicit],8,https://www.last.fm/pl/music/Destroy+Lonely/LOVE+LASTS+FOREVER+%5BExplicit%5D/LUV+4+YA+%5BExplicit%5D
4,CRYSTAL CLEAR [Explicit],LOVE LASTS FOREVER [Explicit],1,https://www.last.fm/pl/music/Destroy+Lonely/LOVE+LASTS+FOREVER+%5BExplicit%5D/CRYSTAL+CLEAR+%5BExplicit%5D
5,BABY MONEY [Explicit],LOVE LASTS FOREVER [Explicit],2,https://www.last.fm/pl/music/Destroy+Lonely/LOVE+LASTS+FOREVER+%5BExplicit%5D/BABY+MONEY+%5BExplicit%5D
6,SAY THAT [Explicit],LOVE LASTS FOREVER [Explicit],3,https://www.last.fm/pl/music/Destroy+Lonely/LOVE+LASTS+FOREVER+%5BExplicit%5D/SAY+THAT+%5BExplicit%5D
7,PIMP TALK [Explicit],LOVE LASTS FOREVER [Explicit],4,https://www.last.fm/pl/music/Destroy+Lonely/LOVE+LASTS+FOREVER+%5BExplicit%5D/PIMP+TALK+%5BExplicit%5D
8,CADILLAC [Explicit],LOVE LASTS FOREVER [Explicit],5,https://www.last.fm/pl/music/Destroy+Lonely/LOVE+LASTS+FOREVER+%5BExplicit%5D/CADILLAC+%5BExplicit%5D
9,SYRUP SIPPIN [Explicit],LOVE LASTS FOREVER [Explicit],3,https://www.last.fm/pl/music/Destroy+Lonely/LOVE+LASTS+FOREVER+%5BExplicit%5D/SYRUP+SIPPIN+%5BExplicit%5D
9,OK BAE [Explicit],</3² [Explicit],4,https://www.last.fm/pl/music/Destroy+Lonely/%3C%2F3%C2%B2+%5BExplicit%5D/OK+BAE+%5BExplicit%5D
10,Take a Pic (Interlude) [Explicit],</3² [Explicit],5,https://www.last.fm/pl/music/Destroy+Lonely/%3C%2F3%C2%B2+%5BExplicit%5D/Take+a+Pic+(Interlude)+%5BExplicit%5D
11,Movie [Explicit],</3² [Explicit],6,https://www.last.fm/pl/music/Destroy+Lonely/%3C%2F3%C2%B2+%5BExplicit%5D/Movie+%5BExplicit%5D
12,Groupie Btch [Explicit],</3² [Explicit],3,https://www.last.fm/pl/music/Destroy+Lonely/%3C%2F3%C2%B2+%5BExplicit%5D/Groupie+Btch+%5BExplicit%5D
13,Do or Die [Explicit],</3² [Explicit],4,https://www.last.fm/pl/music/Destroy+Lonely/%3C%2F3%C2%B2+%5BExplicit%5D/Do+or+Die+%5BExplicit%5D
14,Komin' Back [Explicit],</3² [Explicit],5,https://www.last.fm/pl/music/Destroy+Lonely/%3C%2F3%C2%B2+%5BExplicit%5D/Komin%27+Back+%5BExplicit%5D
15,CDG [Explicit],</3² [Explicit],6,https://www.last.fm/pl/music/Destroy+Lonely/%3C%2F3%C2%B2+%5BExplicit%5D/CDG+%5BExplicit%5D
8,all the time [Explicit],If Looks Could Kill (Directors Cut) [Explicit],7,https://www.last.fm/pl/music/Destroy+Lonely/If+Looks+Could+Kill+(Directors+Cut)+%5BExplicit%5D/all+the+time+%5BExplicit%5D
9,biggest problem [Explicit],If Looks Could Kill (Directors Cut) [Explicit],10,https://www.last.fm/pl/music/Destroy+Lonely/If+Looks+Could+Kill+(Directors+Cut)+%5BExplicit%5D/biggest+problem+%5BExplicit%5D
10,chris paul [Explicit],If Looks Could Kill (Directors Cut) [Explicit],9,https://www.last.fm/pl/music/Destroy+Lonely/If+Looks+Could+Kill+(Directors+Cut)+%5BExplicit%5D/chris+paul+%5BExplicit%5D
11,catch a kill [Explicit],If Looks Could Kill (Directors Cut) [Explicit],8,https://www.last.fm/pl/music/Destroy+Lonely/If+Looks+Could+Kill+(Directors+Cut)+%5BExplicit%5D/catch+a+kill+%5BExplicit%5D
12,thats my [Explicit],If Looks Could Kill (Directors Cut) [Explicit],4,https://www.last.fm/pl/music/Destroy+Lonely/If+Looks+Could+Kill+(Directors+Cut)+%5BExplicit%5D/thats+my+%5BExplicit%5D
13,superstar [Explicit],If Looks Could Kill (Directors Cut) [Explicit],7,https://www.last.fm/pl/music/Destroy+Lonely/If+Looks+Could+Kill+(Directors+Cut)+%5BExplicit%5D/superstar+%5BExplicit%5D
14,new new [Explicit],If Looks Could Kill (Directors Cut) [Explicit],5,https://www.last.fm/pl/music/Destroy+Lonely/If+Looks+Could+Kill+(Directors+Cut)+%5BExplicit%5D/new+new+%5BExplicit%5D
15,right now [Explicit],If Looks Could Kill (Directors Cut) [Explicit],7,https://www.last.fm/pl/music/Destroy+Lonely/If+Looks+Could+Kill+(Directors+Cut)+%5BExplicit%5D/right+now+%5BExplicit%5D
10,LOCK IN [Explicit],LOVE LASTS FOREVER [Explicit],3,https://www.last.fm/pl/music/Destroy+Lonely/LOVE+LASTS+FOREVER+%5BExplicit%5D/LOCK+IN+%5BExplicit%5D
11,DOUBT IT [Explicit],LOVE LASTS FOREVER [Explicit],4,https://www.last.fm/pl/music/Destroy+Lonely/LOVE+LASTS+FOREVER+%5BExplicit%5D/DOUBT+IT+%5BExplicit%5D
12,WISH YOU WELL [Explicit],LOVE LASTS FOREVER [Explicit],2,https://www.last.fm/pl/music/Destroy+Lonely/LOVE+LASTS+FOREVER+%5BExplicit%5D/WISH+YOU+WELL+%5BExplicit%5D
13,SHIP HER OFF [Explicit],LOVE LASTS FOREVER [Explicit],5,https://www.last.fm/pl/music/Destroy+Lonely/LOVE+LASTS+FOREVER+%5BExplicit%5D/SHIP+HER+OFF+%5BExplicit%5D
14,HONESTLY [Explicit],LOVE LASTS FOREVER [Explicit],2,https://www.last.fm/pl/music/Destroy+Lonely/LOVE+LASTS+FOREVER+%5BExplicit%5D/HONESTLY+%5BExplicit%5D
15,TAKE A TRIP [Explicit],LOVE LASTS FOREVER [Explicit],2,https://www.last.fm/pl/music/Destroy+Lonely/LOVE+LASTS+FOREVER+%5BExplicit%5D/TAKE+A+TRIP+%5BExplicit%5D
16,EXTRA HIGH [Explicit],LOVE LASTS FOREVER [Explicit],3,https://www.last.fm/pl/music/Destroy+Lonely/LOVE+LASTS+FOREVER+%5BExplicit%5D/EXTRA+HIGH+%5BExplicit%5D
16,Diamonds & Foreigns [Explicit],</3² [Explicit],3,https://www.last.fm/pl/music/Destroy+Lonely/%3C%2F3%C2%B2+%5BExplicit%5D/Diamonds+&+Foreigns+%5BExplicit%5D
16,which way [Explicit],If Looks Could Kill (Directors Cut) [Explicit],6,https://www.last.fm/pl/music/Destroy+Lonely/If+Looks+Could+Kill+(Directors+Cut)+%5BExplicit%5D/which+way+%5BExplicit%5D
17,wagwan [Explicit],If Looks Could Kill (Directors Cut) [Explicit],7,https://www.last.fm/pl/music/Destroy+Lonely/If+Looks+Could+Kill+(Directors+Cut)+%5BExplicit%5D/wagwan+%5BExplicit%5D
18,moment of silence [Explicit],If Looks Could Kill (Directors Cut) [Explicit],8,https://www.last.fm/pl/music/Destroy+Lonely/If+Looks+Could+Kill+(Directors+Cut)+%5BExplicit%5D/moment+of+silence+%5BExplicit%5D
19,brazy girls [Explicit],If Looks Could Kill (Directors Cut) [Explicit],11,https://www.last.fm/pl/music/Destroy+Lonely/If+Looks+Could+Kill+(Directors+Cut)+%5BExplicit%5D/brazy+girls+%5BExplicit%5D
20,goin up [Explicit],If Looks Could Kill (Directors Cut) [Explicit],6,https://www.last.fm/pl/music/Destroy+Lonely/If+Looks+Could+Kill+(Directors+Cut)+%5BExplicit%5D/goin+up+%5BExplicit%5D
21,passenger [Explicit],If Looks Could Kill (Directors Cut) [Explicit],5,https://www.last.fm/pl/music/Destroy+Lonely/If+Looks+Could+Kill+(Directors+Cut)+%5BExplicit%5D/passenger+%5BExplicit%5D
22,promo [Explicit],If Looks Could Kill (Directors Cut) [Explicit],3,https://www.last.fm/pl/music/Destroy+Lonely/If+Looks+Could+Kill+(Directors+Cut)+%5BExplicit%5D/promo+%5BExplicit%5D
23,worth it [Explicit],If Looks Could Kill (Directors Cut) [Explicit],5,https://www.last.fm/pl/music/Destroy+Lonely/If+Looks+Could+Kill+(Directors+Cut)+%5BExplicit%5D/worth+it+%5BExplicit%5D
17,AMERIKA [Explicit],LOVE LASTS FOREVER [Explicit],2,https://www.last.fm/pl/music/Destroy+Lonely/LOVE+LASTS+FOREVER+%5BExplicit%5D/AMERIKA+%5BExplicit%5D
18,ABOUT MONEY (BONUS) [Explicit],LOVE LASTS FOREVER [Explicit],4,https://www.last.fm/pl/music/Destroy+Lonely/LOVE+LASTS+FOREVER+%5BExplicit%5D/ABOUT+MONEY+(BONUS)+%5BExplicit%5D
19,NO WORRIES (BONUS) [Explicit],LOVE LASTS FOREVER [Explicit],1,https://www.last.fm/pl/music/Destroy+Lonely/LOVE+LASTS+FOREVER+%5BExplicit%5D/NO+WORRIES+(BONUS)+%5BExplicit%5D
20,PASS ME THE KEYS (BONUS) [Explicit],LOVE LASTS FOREVER [Explicit],1,https://www.last.fm/pl/music/Destroy+Lonely/LOVE+LASTS+FOREVER+%5BExplicit%5D/PASS+ME+THE+KEYS+(BONUS)+%5BExplicit%5D
1,Kan't Hold U,Kan't Hold U,1050,https://www.last.fm/pl/music/Destroy+Lonely/Kan%27t+Hold+U/Kan%27t+Hold+U
1,loot,Loot,1237,https://www.last.fm/pl/music/Destroy+Lonely/Loot/loot
1,how u feel? [Explicit],if looks could kill [Explicit],24,https://www.last.fm/pl/music/Destroy+Lonely/if+looks+could+kill+%5BExplicit%5D/how+u+feel%3F+%5BExplicit%5D
24,redlight [Explicit],If Looks Could Kill (Directors Cut) [Explicit],6,https://www.last.fm/pl/music/Destroy+Lonely/If+Looks+Could+Kill+(Directors+Cut)+%5BExplicit%5D/redlight+%5BExplicit%5D
25,make sum work [Explicit],If Looks Could Kill (Directors Cut) [Explicit],5,https://www.last.fm/pl/music/Destroy+Lonely/If+Looks+Could+Kill+(Directors+Cut)+%5BExplicit%5D/make+sum+work+%5BExplicit%5D
26,safety (interlude) [Explicit],If Looks Could Kill (Directors Cut) [Explicit],13,https://www.last.fm/pl/music/Destroy+Lonely/If+Looks+Could+Kill+(Directors+Cut)+%5BExplicit%5D/safety+(interlude)+%5BExplicit%5D
27,your eyes [Explicit],If Looks Could Kill (Directors Cut) [Explicit],5,https://www.last.fm/pl/music/Destroy+Lonely/If+Looks+Could+Kill+(Directors+Cut)+%5BExplicit%5D/your+eyes+%5BExplicit%5D
28,money & sex [Explicit],If Looks Could Kill (Directors Cut) [Explicit],8,https://www.last.fm/pl/music/Destroy+Lonely+&+Ken+Carson/If+Looks+Could+Kill+(Directors+Cut)+%5BExplicit%5D/money+&+sex+%5BExplicit%5D
29,too damn rich [Explicit],If Looks Could Kill (Directors Cut) [Explicit],6,https://www.last.fm/pl/music/Destroy+Lonely/If+Looks+Could+Kill+(Directors+Cut)+%5BExplicit%5D/too+damn+rich+%5BExplicit%5D
30,spillin [Explicit],If Looks Could Kill (Directors Cut) [Explicit],3,https://www.last.fm/pl/music/Destroy+Lonely/If+Looks+Could+Kill+(Directors+Cut)+%5BExplicit%5D/spillin+%5BExplicit%5D
31,check the fleet [Explicit],If Looks Could Kill (Directors Cut) [Explicit],4,https://www.last.fm/pl/music/Destroy+Lonely/If+Looks+Could+Kill+(Directors+Cut)+%5BExplicit%5D/check+the+fleet+%5BExplicit%5D
2,if looks could kill [Explicit],if looks could kill [Explicit],41,https://www.last.fm/pl/music/Destroy+Lonely/if+looks+could+kill+%5BExplicit%5D/if+looks+could+kill+%5BExplicit%5D
3,fly sht [Explicit],if looks could kill [Explicit],16,https://www.last.fm/pl/music/Destroy+Lonely/if+looks+could+kill+%5BExplicit%5D/fly+sht+%5BExplicit%5D
4,which one [Explicit],if looks could kill [Explicit],9,https://www.last.fm/pl/music/Destroy+Lonely/if+looks+could+kill+%5BExplicit%5D/which+one+%5BExplicit%5D
5,raver [Explicit],if looks could kill [Explicit],11,https://www.last.fm/pl/music/Destroy+Lonely/if+looks+could+kill+%5BExplicit%5D/raver+%5BExplicit%5D
6,came in wit [Explicit],if looks could kill [Explicit],5,https://www.last.fm/pl/music/Destroy+Lonely/if+looks+could+kill+%5BExplicit%5D/came+in+wit+%5BExplicit%5D
7,by the pound [Explicit],if looks could kill [Explicit],8,https://www.last.fm/pl/music/Destroy+Lonely/if+looks+could+kill+%5BExplicit%5D/by+the+pound+%5BExplicit%5D
8,all the time [Explicit],if looks could kill [Explicit],7,https://www.last.fm/pl/music/Destroy+Lonely/if+looks+could+kill+%5BExplicit%5D/all+the+time+%5BExplicit%5D
9,biggest problem [Explicit],if looks could kill [Explicit],10,https://www.last.fm/pl/music/Destroy+Lonely/if+looks+could+kill+%5BExplicit%5D/biggest+problem+%5BExplicit%5D
10,chris paul [Explicit],if looks could kill [Explicit],9,https://www.last.fm/pl/music/Destroy+Lonely/if+looks+could+kill+%5BExplicit%5D/chris+paul+%5BExplicit%5D
32,back sippin [Explicit],If Looks Could Kill (Directors Cut) [Explicit],6,https://www.last.fm/pl/music/Destroy+Lonely/If+Looks+Could+Kill+(Directors+Cut)+%5BExplicit%5D/back+sippin+%5BExplicit%5D
11,superstar [Explicit],if looks could kill [Explicit],7,https://www.last.fm/pl/music/Destroy+Lonely/if+looks+could+kill+%5BExplicit%5D/superstar+%5BExplicit%5D
12,new new [Explicit],if looks could kill [Explicit],5,https://www.last.fm/pl/music/Destroy+Lonely/if+looks+could+kill+%5BExplicit%5D/new+new+%5BExplicit%5D
13,right now [Explicit],if looks could kill [Explicit],7,https://www.last.fm/pl/music/Destroy+Lonely/if+looks+could+kill+%5BExplicit%5D/right+now+%5BExplicit%5D
14,which way [Explicit],if looks could kill [Explicit],6,https://www.last.fm/pl/music/Destroy+Lonely/if+looks+could+kill+%5BExplicit%5D/which+way+%5BExplicit%5D
15,wagwan [Explicit],if looks could kill [Explicit],7,https://www.last.fm/pl/music/Destroy+Lonely/if+looks+could+kill+%5BExplicit%5D/wagwan+%5BExplicit%5D
16,moment of silence [Explicit],if looks could kill [Explicit],8,https://www.last.fm/pl/music/Destroy+Lonely/if+looks+could+kill+%5BExplicit%5D/moment+of+silence+%5BExplicit%5D
17,brazy girls [Explicit],if looks could kill [Explicit],11,https://www.last.fm/pl/music/Destroy+Lonely/if+looks+could+kill+%5BExplicit%5D/brazy+girls+%5BExplicit%5D
1,"Rose (Augvst, 7HunnidShawty Remix)","Rose (Augvst, 7HunnidShawty Remix)",1,"https://www.last.fm/pl/music/Destroy+Lonely/Rose+(Augvst,+7HunnidShawty+Remix)/Rose+(Augvst,+7HunnidShawty+Remix)"
1,Real Shit,real shit,1317,https://www.last.fm/pl/music/Destroy+Lonely/real+shit/Real+Shit
1,Luv 4 Ya,LUV 4 YA [Clean] [Clean],94568,https://www.last.fm/pl/music/Destroy+Lonely/LUV+4+YA+%5BClean%5D+%5BClean%5D/Luv+4+Ya
1,Blitz/Allure,Blitz/Allure,473,https://www.last.fm/pl/music/Destroy+Lonely/Blitz%2FAllure/Blitz%2FAllure
18,goin up [Explicit],if looks could kill [Explicit],6,https://www.last.fm/pl/music/Destroy+Lonely/if+looks+could+kill+%5BExplicit%5D/goin+up+%5BExplicit%5D
19,passenger [Explicit],if looks could kill [Explicit],5,https://www.last.fm/pl/music/Destroy+Lonely/if+looks+could+kill+%5BExplicit%5D/passenger+%5BExplicit%5D
20,promo [Explicit],if looks could kill [Explicit],3,https://www.last.fm/pl/music/Destroy+Lonely/if+looks+could+kill+%5BExplicit%5D/promo+%5BExplicit%5D
21,worth it [Explicit],if looks could kill [Explicit],5,https://www.last.fm/pl/music/Destroy+Lonely/if+looks+could+kill+%5BExplicit%5D/worth+it+%5BExplicit%5D
22,redlight [Explicit],if looks could kill [Explicit],6,https://www.last.fm/pl/music/Destroy+Lonely/if+looks+could+kill+%5BExplicit%5D/redlight+%5BExplicit%5D
23,make sum work [Explicit],if looks could kill [Explicit],5,https://www.last.fm/pl/music/Destroy+Lonely/if+looks+could+kill+%5BExplicit%5D/make+sum+work+%5BExplicit%5D
24,safety (interlude) [Explicit],if looks could kill [Explicit],13,https://www.last.fm/pl/music/Destroy+Lonely/if+looks+could+kill+%5BExplicit%5D/safety+(interlude)+%5BExplicit%5D
25,your eyes [Explicit],if looks could kill [Explicit],5,https://www.last.fm/pl/music/Destroy+Lonely/if+looks+could+kill+%5BExplicit%5D/your+eyes+%5BExplicit%5D
1,Out The Way,Out the Way - Single,13038,https://www.last.fm/pl/music/Destroy+Lonely/Out+the+Way+-+Single/Out+The+Way
1,Plea,Plea - Single,11896,https://www.last.fm/pl/music/Destroy+Lonely/Plea+-+Single/Plea
1,eazy [Explicit],Darkhorse [Explicit],2,https://www.last.fm/pl/music/Destroy+Lonely/Darkhorse+%5BExplicit%5D/eazy+%5BExplicit%5D
26,money & sex [Explicit],if looks could kill [Explicit],8,https://www.last.fm/pl/music/Destroy+Lonely+&+Ken+Carson/if+looks+could+kill+%5BExplicit%5D/money+&+sex+%5BExplicit%5D
2,place [Explicit],Darkhorse [Explicit],1,https://www.last.fm/pl/music/Destroy+Lonely/Darkhorse+%5BExplicit%5D/place+%5BExplicit%5D
3,different drugz [Explicit],Darkhorse [Explicit],1,https://www.last.fm/pl/music/Destroy+Lonely/Darkhorse+%5BExplicit%5D/different+drugz+%5BExplicit%5D
4,4seasons [Explicit],Darkhorse [Explicit],1,https://www.last.fm/pl/music/Destroy+Lonely/Darkhorse+%5BExplicit%5D/4seasons+%5BExplicit%5D
5,"guap, glock, nd sticks [Explicit]",Darkhorse [Explicit],1,"https://www.last.fm/pl/music/Destroy+Lonely/Darkhorse+%5BExplicit%5D/guap,+glock,+nd+sticks+%5BExplicit%5D"
6,trapped on marz (feat. Nezzus) [Explicit],Darkhorse [Explicit],,https://www.last.fm/pl/music/Destroy+Lonely+%5Bfeat.+Nezzus%5D/Darkhorse+%5BExplicit%5D/trapped+on+marz+(feat.+Nezzus)+%5BExplicit%5D
7,vvs valentine [Explicit],Darkhorse [Explicit],8,https://www.last.fm/pl/music/Destroy+Lonely/Darkhorse+%5BExplicit%5D/vvs+valentine+%5BExplicit%5D
8,frank lucas [Explicit],Darkhorse [Explicit],1,https://www.last.fm/pl/music/Destroy+Lonely/Darkhorse+%5BExplicit%5D/frank+lucas+%5BExplicit%5D
1,usual [Explicit],"Forever, ILY. [Explicit]",2,"https://www.last.fm/pl/music/Destroy+Lonely/Forever,+ILY.+%5BExplicit%5D/usual+%5BExplicit%5D"
2,mollywrld [Explicit],"Forever, ILY. [Explicit]",3,"https://www.last.fm/pl/music/Destroy+Lonely/Forever,+ILY.+%5BExplicit%5D/mollywrld+%5BExplicit%5D"
3,luna [Explicit],"Forever, ILY. [Explicit]",1,"https://www.last.fm/pl/music/Destroy+Lonely/Forever,+ILY.+%5BExplicit%5D/luna+%5BExplicit%5D"
4,Traphousemansion (Interlude),"Forever, ILY. [Explicit]",28337,"https://www.last.fm/pl/music/Destroy+Lonely/Forever,+ILY.+%5BExplicit%5D/Traphousemansion+(Interlude)"
5,mud [Explicit],"Forever, ILY. [Explicit]",3,"https://www.last.fm/pl/music/Destroy+Lonely/Forever,+ILY.+%5BExplicit%5D/mud+%5BExplicit%5D"
6,cutie [Explicit],"Forever, ILY. [Explicit]",,"https://www.last.fm/pl/music/Destroy+Lonely/Forever,+ILY.+%5BExplicit%5D/cutie+%5BExplicit%5D"
1,4seasons [Explicit],4seasons [Explicit],1,https://www.last.fm/pl/music/Destroy+Lonely/4seasons+%5BExplicit%5D/4seasons+%5BExplicit%5D
1,Count It Up [Explicit],Count It Up [Explicit],,https://www.last.fm/pl/music/Destroy+Lonely/Count+It+Up+%5BExplicit%5D/Count+It+Up+%5BExplicit%5D
1,Seasons [Explicit],LORD [Explicit],,https://www.last.fm/pl/music/Destroy+Lonely/LORD+%5BExplicit%5D/Seasons+%5BExplicit%5D
2,Which 1 / Klueless [Explicit],LORD [Explicit],,https://www.last.fm/pl/music/Destroy+Lonely/LORD+%5BExplicit%5D/Which+1+%2F+Klueless+%5BExplicit%5D
3,Layover [Explicit],LORD [Explicit],,https://www.last.fm/pl/music/Destroy+Lonely/LORD+%5BExplicit%5D/Layover+%5BExplicit%5D
4,Devil Wears Prada [Explicit],LORD [Explicit],1,https://www.last.fm/pl/music/Destroy+Lonely/LORD+%5BExplicit%5D/Devil+Wears+Prada+%5BExplicit%5D
1,LUV 4 YA [Explicit],LUV 4 YA [Explicit],8,https://www.last.fm/pl/music/Destroy+Lonely/LUV+4+YA+%5BExplicit%5D/LUV+4+YA+%5BExplicit%5D
1,Potato Loaded,Potato Loaded - Single,1118,https://www.last.fm/pl/music/Quavo+&+Destroy+Lonely/Potato+Loaded+-+Single/Potato+Loaded
1,how u feel?,If Looks Could Kill (Directors Cut) [Clean] [Clean],207382,https://www.last.fm/pl/music/Destroy+Lonely/If+Looks+Could+Kill+(Directors+Cut)+%5BClean%5D+%5BClean%5D/how+u+feel%3F
1,Pop Shit / Xtra [Explicit],</3 [Explicit],7,https://www.last.fm/pl/music/Destroy+Lonely/%3C%2F3+%5BExplicit%5D/Pop+Shit+%2F+Xtra+%5BExplicit%5D
2,if looks could kill [Explicit],If Looks Could Kill (Directors Cut) [Clean] [Clean],41,https://www.last.fm/pl/music/Destroy+Lonely/If+Looks+Could+Kill+(Directors+Cut)+%5BClean%5D+%5BClean%5D/if+looks+could+kill+%5BExplicit%5D
3,fly sht,If Looks Could Kill (Directors Cut) [Clean] [Clean],133711,https://www.last.fm/pl/music/Destroy+Lonely/If+Looks+Could+Kill+(Directors+Cut)+%5BClean%5D+%5BClean%5D/fly+sht
4,which one,If Looks Could Kill (Directors Cut) [Clean] [Clean],99318,https://www.last.fm/pl/music/Destroy+Lonely/If+Looks+Could+Kill+(Directors+Cut)+%5BClean%5D+%5BClean%5D/which+one
5,raver,If Looks Could Kill (Directors Cut) [Clean] [Clean],101387,https://www.last.fm/pl/music/Destroy+Lonely/If+Looks+Could+Kill+(Directors+Cut)+%5BClean%5D+%5BClean%5D/raver
6,came in wit,If Looks Could Kill (Directors Cut) [Clean] [Clean],85823,https://www.last.fm/pl/music/Destroy+Lonely/If+Looks+Could+Kill+(Directors+Cut)+%5BClean%5D+%5BClean%5D/came+in+wit
7,by the pound,If Looks Could Kill (Directors Cut) [Clean] [Clean],86999,https://www.last.fm/pl/music/Destroy+Lonely/If+Looks+Could+Kill+(Directors+Cut)+%5BClean%5D+%5BClean%5D/by+the+pound
8,all the time,If Looks Could Kill (Directors Cut) [Clean] [Clean],82574,https://www.last.fm/pl/music/Destroy+Lonely/If+Looks+Could+Kill+(Directors+Cut)+%5BClean%5D+%5BClean%5D/all+the+time
2,Miley Cyrus [Explicit],</3 [Explicit],10,https://www.last.fm/pl/music/Destroy+Lonely/%3C%2F3+%5BExplicit%5D/Miley+Cyrus+%5BExplicit%5D
3,F.U.N [Explicit],</3 [Explicit],10,https://www.last.fm/pl/music/Destroy+Lonely/%3C%2F3+%5BExplicit%5D/F.U.N+%5BExplicit%5D
4,Ya Ight [Explicit],</3 [Explicit],4,https://www.last.fm/pl/music/Destroy+Lonely/%3C%2F3+%5BExplicit%5D/Ya+Ight+%5BExplicit%5D
5,Tokyo Mission Impossible [Explicit],</3 [Explicit],381,https://www.last.fm/pl/music/Destroy+Lonely/%3C%2F3+%5BExplicit%5D/Tokyo+Mission+Impossible+%5BExplicit%5D
6,OK BAE [Explicit],</3 [Explicit],4,https://www.last.fm/pl/music/Destroy+Lonely/%3C%2F3+%5BExplicit%5D/OK+BAE+%5BExplicit%5D
7,Take a Pic [Explicit],</3 [Explicit],2,https://www.last.fm/pl/music/Destroy+Lonely/%3C%2F3+%5BExplicit%5D/Take+a+Pic+%5BExplicit%5D
8,Movie [Explicit],</3 [Explicit],6,https://www.last.fm/pl/music/Destroy+Lonely/%3C%2F3+%5BExplicit%5D/Movie+%5BExplicit%5D
9,Komin' Back [Explicit],</3 [Explicit],5,https://www.last.fm/pl/music/Destroy+Lonely/%3C%2F3+%5BExplicit%5D/Komin%27+Back+%5BExplicit%5D
10,Diamonds & Foreigns [Explicit],</3 [Explicit],3,https://www.last.fm/pl/music/Destroy+Lonely/%3C%2F3+%5BExplicit%5D/Diamonds+&+Foreigns+%5BExplicit%5D
9,biggest problem,If Looks Could Kill (Directors Cut) [Clean] [Clean],91515,https://www.last.fm/pl/music/Destroy+Lonely/If+Looks+Could+Kill+(Directors+Cut)+%5BClean%5D+%5BClean%5D/biggest+problem
10,chris paul,If Looks Could Kill (Directors Cut) [Clean] [Clean],80976,https://www.last.fm/pl/music/Destroy+Lonely/If+Looks+Could+Kill+(Directors+Cut)+%5BClean%5D+%5BClean%5D/chris+paul
11,Catch a Kill,If Looks Could Kill (Directors Cut) [Clean] [Clean],82213,https://www.last.fm/pl/music/Destroy+Lonely/If+Looks+Could+Kill+(Directors+Cut)+%5BClean%5D+%5BClean%5D/Catch+a+Kill
12,thats my,If Looks Could Kill (Directors Cut) [Clean] [Clean],35208,https://www.last.fm/pl/music/Destroy+Lonely/If+Looks+Could+Kill+(Directors+Cut)+%5BClean%5D+%5BClean%5D/thats+my
13,superstar,If Looks Could Kill (Directors Cut) [Clean] [Clean],77505,https://www.last.fm/pl/music/Destroy+Lonely/If+Looks+Could+Kill+(Directors+Cut)+%5BClean%5D+%5BClean%5D/superstar
14,new new,If Looks Could Kill (Directors Cut) [Clean] [Clean],86089,https://www.last.fm/pl/music/Destroy+Lonely/If+Looks+Could+Kill+(Directors+Cut)+%5BClean%5D+%5BClean%5D/new+new
15,right now,If Looks Could Kill (Directors Cut) [Clean] [Clean],71967,https://www.last.fm/pl/music/Destroy+Lonely/If+Looks+Could+Kill+(Directors+Cut)+%5BClean%5D+%5BClean%5D/right+now
16,which way,If Looks Could Kill (Directors Cut) [Clean] [Clean],66258,https://www.last.fm/pl/music/Destroy+Lonely/If+Looks+Could+Kill+(Directors+Cut)+%5BClean%5D+%5BClean%5D/which+way
17,wagwan,If Looks Could Kill (Directors Cut) [Clean] [Clean],66064,https://www.last.fm/pl/music/Destroy+Lonely/If+Looks+Could+Kill+(Directors+Cut)+%5BClean%5D+%5BClean%5D/wagwan
18,moment of silence,If Looks Could Kill (Directors Cut) [Clean] [Clean],65268,https://www.last.fm/pl/music/Destroy+Lonely/If+Looks+Could+Kill+(Directors+Cut)+%5BClean%5D+%5BClean%5D/moment+of+silence
19,brazy girls,If Looks Could Kill (Directors Cut) [Clean] [Clean],70830,https://www.last.fm/pl/music/Destroy+Lonely/If+Looks+Could+Kill+(Directors+Cut)+%5BClean%5D+%5BClean%5D/brazy+girls
20,goin up,If Looks Could Kill (Directors Cut) [Clean] [Clean],63529,https://www.last.fm/pl/music/Destroy+Lonely/If+Looks+Could+Kill+(Directors+Cut)+%5BClean%5D+%5BClean%5D/goin+up
21,passenger,If Looks Could Kill (Directors Cut) [Clean] [Clean],60984,https://www.last.fm/pl/music/Destroy+Lonely/If+Looks+Could+Kill+(Directors+Cut)+%5BClean%5D+%5BClean%5D/passenger
22,promo,If Looks Could Kill (Directors Cut) [Clean] [Clean],52293,https://www.last.fm/pl/music/Destroy+Lonely/If+Looks+Could+Kill+(Directors+Cut)+%5BClean%5D+%5BClean%5D/promo
23,worth it,If Looks Could Kill (Directors Cut) [Clean] [Clean],55050,https://www.last.fm/pl/music/Destroy+Lonely/If+Looks+Could+Kill+(Directors+Cut)+%5BClean%5D+%5BClean%5D/worth+it
24,redlight,If Looks Could Kill (Directors Cut) [Clean] [Clean],56615,https://www.last.fm/pl/music/Destroy+Lonely/If+Looks+Could+Kill+(Directors+Cut)+%5BClean%5D+%5BClean%5D/redlight
25,make sum work,If Looks Could Kill (Directors Cut) [Clean] [Clean],54909,https://www.last.fm/pl/music/Destroy+Lonely/If+Looks+Could+Kill+(Directors+Cut)+%5BClean%5D+%5BClean%5D/make+sum+work
26,safety (interlude),If Looks Could Kill (Directors Cut) [Clean] [Clean],4200,https://www.last.fm/pl/music/Destroy+Lonely/If+Looks+Could+Kill+(Directors+Cut)+%5BClean%5D+%5BClean%5D/safety+(interlude)
27,your eyes,If Looks Could Kill (Directors Cut) [Clean] [Clean],63909,https://www.last.fm/pl/music/Destroy+Lonely/If+Looks+Could+Kill+(Directors+Cut)+%5BClean%5D+%5BClean%5D/your+eyes
28,money & sex,If Looks Could Kill (Directors Cut) [Clean] [Clean],1381,https://www.last.fm/pl/music/Destroy+Lonely+&+Ken+Carson/If+Looks+Could+Kill+(Directors+Cut)+%5BClean%5D+%5BClean%5D/money+&+sex
29,too damn rich,If Looks Could Kill (Directors Cut) [Clean] [Clean],35993,https://www.last.fm/pl/music/Destroy+Lonely/If+Looks+Could+Kill+(Directors+Cut)+%5BClean%5D+%5BClean%5D/too+damn+rich
30,spillin,If Looks Could Kill (Directors Cut) [Clean] [Clean],35341,https://www.last.fm/pl/music/Destroy+Lonely/If+Looks+Could+Kill+(Directors+Cut)+%5BClean%5D+%5BClean%5D/spillin
31,check the fleet,If Looks Could Kill (Directors Cut) [Clean] [Clean],29299,https://www.last.fm/pl/music/Destroy+Lonely/If+Looks+Could+Kill+(Directors+Cut)+%5BClean%5D+%5BClean%5D/check+the+fleet
32,back sippin,If Looks Could Kill (Directors Cut) [Clean] [Clean],42030,https://www.last.fm/pl/music/Destroy+Lonely/If+Looks+Could+Kill+(Directors+Cut)+%5BClean%5D+%5BClean%5D/back+sippin
1,Miley Cyrus,Miley Cyrus [Explicit],99242,https://www.last.fm/pl/music/Destroy+Lonely/Miley+Cyrus+%5BExplicit%5D/Miley+Cyrus
1,Blitz/Allure [Explicit],Blitz/Allure [Explicit],1,https://www.last.fm/pl/music/Destroy+Lonely/Blitz%2FAllure+%5BExplicit%5D/Blitz%2FAllure+%5BExplicit%5D
1,$$$ [Explicit],$$$ [Explicit],,https://www.last.fm/pl/music/Destroy+Lonely/$$$+%5BExplicit%5D/$$$+%5BExplicit%5D
